<?xml version="1.0" encoding="UTF-8"?><idempiere Name="MigrateStorageProvider" Version="1.0.0" idempiereVersion="" DataBaseVersion="" Description="Migration Storage Provider process and menu entries" Author="" AuthorEmail="rsantana@kenos.com.br" CreatedDate="2018-12-06 11:32:25.441" UpdatedDate="2018-12-06 11:47:10.371" PackOutVersion="100" UpdateDictionary="false" Client="0-SYSTEM-System" AD_Client_UU="11237b53-9592-4af1-b3c5-afd216514b5d">
    <AD_Menu type="table">
        <Parent_ID reference="id">156</Parent_ID>
        <SeqNo>16</SeqNo>
        <AD_Menu_ID>200164</AD_Menu_ID>
        <AD_Client_ID>0</AD_Client_ID>
        <AD_Org_ID>0</AD_Org_ID>
        <AD_Menu_ID>200164</AD_Menu_ID>
        <Name>Migrate Storage Provider</Name>
        <Description/>
        <Action>P</Action>
        <AD_Window_ID reference="id"/>
        <AD_Workflow_ID reference="id"/>
        <AD_Task_ID reference="id"/>
        <IsActive>Y</IsActive>
        <IsSummary>N</IsSummary>
        <AD_Process_ID reference="id">200106</AD_Process_ID>
        <IsSOTrx>Y</IsSOTrx>
        <AD_Form_ID reference="id"/>
        <IsReadOnly>N</IsReadOnly>
        <EntityType>A</EntityType>
        <IsCentrallyMaintained>Y</IsCentrallyMaintained>
        <AD_Menu_UU>c3c3ae6c-6d4e-45a3-8a68-9f3f33b2db8d</AD_Menu_UU>
        <AD_InfoWindow_ID reference="id"/>
        <AD_Menu_Trl type="translation">
            <Name>Migrate Storage Provider</Name>
            <Description/>
            <AD_Language>pt_BR</AD_Language>
            <IsActive>Y</IsActive>
            <IsTranslated>N</IsTranslated>
        </AD_Menu_Trl>
        <AD_Menu_Trl type="translation">
            <Name>Migrate Storage Provider</Name>
            <Description/>
            <AD_Language>en_US</AD_Language>
            <IsActive>Y</IsActive>
            <IsTranslated>N</IsTranslated>
        </AD_Menu_Trl>
        <AD_Process type="table">
            <AD_Process_ID>200106</AD_Process_ID>
            <AD_Client_ID>0</AD_Client_ID>
            <AD_Org_ID>0</AD_Org_ID>
            <AD_Process_ID>200106</AD_Process_ID>
            <IsActive>Y</IsActive>
            <Name>Migrate Storage Provider</Name>
            <Description>This tool will help the migration of storage provider</Description>
            <Help>You can migrate from attachments and archives from Database to File System and vice-versa. 
** This process will change sensitive data, always make sure you have a backup before start this process **</Help>
            <ProcedureName/>
            <IsReport>N</IsReport>
            <Value>MigrateStorageProvider</Value>
            <IsDirectPrint>N</IsDirectPrint>
            <AD_ReportView_ID reference="id"/>
            <Classname>org.kenos.idempiere.migratestorage.process.MigrateStorageProvider</Classname>
            <AccessLevel>6</AccessLevel>
            <EntityType>A</EntityType>
            <Statistic_Count>0</Statistic_Count>
            <Statistic_Seconds>0</Statistic_Seconds>
            <AD_PrintFormat_ID reference="id"/>
            <WorkflowValue/>
            <AD_Workflow_ID reference="id"/>
            <IsBetaFunctionality>N</IsBetaFunctionality>
            <IsServerProcess>N</IsServerProcess>
            <ShowHelp>Y</ShowHelp>
            <JasperReport/>
            <AD_Form_ID reference="id"/>
            <CopyFromProcess>N</CopyFromProcess>
            <AD_Process_UU>53889806-6e00-48ae-a200-4d8dafd21603</AD_Process_UU>
            <AD_CtxHelp_ID reference="id"/>
            <AD_Process_Trl type="translation">
                <Help>You can migrate from attachments and archives from Database to File System and vice-versa. 
** This process will change sensitive data, always make sure you have a backup before start this process **</Help>
                <Description>This tool will help the migration of storage provider</Description>
                <Name>Migrate Storage Provider</Name>
                <AD_Language>pt_BR</AD_Language>
                <IsActive>Y</IsActive>
                <IsTranslated>N</IsTranslated>
            </AD_Process_Trl>
            <AD_Process_Trl type="translation">
                <Help>You can migrate from attachments and archives from Database to File System and vice-versa. 
** This process will change sensitive data, always make sure you have a backup before start this process **</Help>
                <Description>This tool will help the migration of storage provider</Description>
                <Name>Migrate Storage Provider</Name>
                <AD_Language>en_US</AD_Language>
                <IsActive>Y</IsActive>
                <IsTranslated>N</IsTranslated>
            </AD_Process_Trl>
            <AD_Process_Para type="table">
                <AD_Process_Para_ID>200252</AD_Process_Para_ID>
                <AD_Client_ID>0</AD_Client_ID>
                <AD_Org_ID>0</AD_Org_ID>
                <AD_Process_Para_ID>200252</AD_Process_Para_ID>
                <IsActive>Y</IsActive>
                <Name>Method</Name>
                <Description/>
                <Help/>
                <AD_Process_ID reference="id">200106</AD_Process_ID>
                <SeqNo>20</SeqNo>
                <AD_Reference_ID reference="id">17</AD_Reference_ID>
                <AD_Reference_Value_ID reference="id">200019</AD_Reference_Value_ID>
                <IsRange>Y</IsRange>
                <AD_Val_Rule_ID reference="id"/>
                <FieldLength>0</FieldLength>
                <IsMandatory>Y</IsMandatory>
                <DefaultValue>DB</DefaultValue>
                <VFormat/>
                <ValueMin/>
                <ValueMax/>
                <ColumnName>Method</ColumnName>
                <DefaultValue2>FileSystem</DefaultValue2>
                <IsCentrallyMaintained>Y</IsCentrallyMaintained>
                <EntityType>A</EntityType>
                <AD_Element_ID reference="id">200239</AD_Element_ID>
                <ReadOnlyLogic/>
                <DisplayLogic/>
                <AD_Process_Para_UU>b530db9c-47c5-4322-9653-27d9c1987093</AD_Process_Para_UU>
                <IsEncrypted>N</IsEncrypted>
                <MandatoryLogic/>
                <AD_Process_Para_Trl type="translation">
                    <Help/>
                    <Name>Method</Name>
                    <Description/>
                    <AD_Language>pt_BR</AD_Language>
                    <IsActive>Y</IsActive>
                    <IsTranslated>N</IsTranslated>
                </AD_Process_Para_Trl>
                <AD_Process_Para_Trl type="translation">
                    <Help/>
                    <Name>Method</Name>
                    <Description/>
                    <AD_Language>en_US</AD_Language>
                    <IsActive>Y</IsActive>
                    <IsTranslated>N</IsTranslated>
                </AD_Process_Para_Trl>
            </AD_Process_Para>
            <AD_Process_Para type="table">
                <AD_Process_Para_ID>200251</AD_Process_Para_ID>
                <AD_Client_ID>0</AD_Client_ID>
                <AD_Org_ID>0</AD_Org_ID>
                <AD_Process_Para_ID>200251</AD_Process_Para_ID>
                <IsActive>Y</IsActive>
                <Name>File_Directory</Name>
                <Description/>
                <Help/>
                <AD_Process_ID reference="id">200106</AD_Process_ID>
                <SeqNo>10</SeqNo>
                <AD_Reference_ID reference="id">38</AD_Reference_ID>
                <AD_Reference_Value_ID reference="id"/>
                <IsRange>N</IsRange>
                <AD_Val_Rule_ID reference="id"/>
                <FieldLength>0</FieldLength>
                <IsMandatory>Y</IsMandatory>
                <DefaultValue/>
                <VFormat/>
                <ValueMin/>
                <ValueMax/>
                <ColumnName>File_Directory</ColumnName>
                <DefaultValue2/>
                <IsCentrallyMaintained>Y</IsCentrallyMaintained>
                <EntityType>A</EntityType>
                <AD_Element_ID reference="id">50022</AD_Element_ID>
                <ReadOnlyLogic/>
                <DisplayLogic/>
                <AD_Process_Para_UU>f742e54e-cb04-4a8f-b5ae-dc5f1277b4d9</AD_Process_Para_UU>
                <IsEncrypted>N</IsEncrypted>
                <MandatoryLogic/>
                <AD_Process_Para_Trl type="translation">
                    <Help/>
                    <Name>File_Directory</Name>
                    <Description/>
                    <AD_Language>pt_BR</AD_Language>
                    <IsActive>Y</IsActive>
                    <IsTranslated>N</IsTranslated>
                </AD_Process_Para_Trl>
                <AD_Process_Para_Trl type="translation">
                    <Help/>
                    <Name>File_Directory</Name>
                    <Description/>
                    <AD_Language>en_US</AD_Language>
                    <IsActive>Y</IsActive>
                    <IsTranslated>N</IsTranslated>
                </AD_Process_Para_Trl>
            </AD_Process_Para>
        </AD_Process>
    </AD_Menu>
    <AD_Package_Exp type="table">
        <AD_Client_ID>0</AD_Client_ID>
        <AD_Org_ID>0</AD_Org_ID>
        <AD_Package_Type>X</AD_Package_Type>
        <EMail>rsantana@kenos.com.br</EMail>
        <Instructions/>
        <Name>MigrateStorageProvider</Name>
        <Processed>N</Processed>
        <ReleaseNo/>
        <Version/>
        <UserName/>
        <Processing>N</Processing>
        <PK_Version>1.0.0</PK_Version>
        <IsActive>Y</IsActive>
        <File_Directory/>
        <Description>Migration Storage Provider process and menu entries</Description>
        <AD_Package_Exp_UU>5e37389a-b8f2-440f-a255-5d2c34e2b077</AD_Package_Exp_UU>
        <DateFrom/>
        <IsExportDictionaryEntity>N</IsExportDictionaryEntity>
    </AD_Package_Exp>
    <AD_Package_Exp_Detail type="table">
        <AD_Client_ID>0</AD_Client_ID>
        <AD_Org_ID>0</AD_Org_ID>
        <AD_Form_ID reference="id"/>
        <AD_ImpFormat_ID reference="id"/>
        <AD_Menu_ID reference="id"/>
        <AD_Process_ID reference="id"/>
        <AD_Role_ID reference="id">0</AD_Role_ID>
        <AD_Window_ID reference="id"/>
        <AD_Workflow_ID reference="id"/>
        <IsActive>Y</IsActive>
        <File_Directory/>
        <FileName/>
        <Destination_FileName/>
        <Destination_Directory/>
        <Description>This 2Pack Detail</Description>
        <DBType>ALL</DBType>
        <Type>D</Type>
        <Target_Directory/>
        <SQLStatement>SELECT * FROM AD_Package_Exp_Detail WHERE EXISTS (SELECT '1' FROM AD_Package_Exp WHERE AD_Package_Exp_UU='5e37389a-b8f2-440f-a255-5d2c34e2b077' AND AD_Package_Exp.AD_Package_Exp_ID=AD_Package_Exp_Detail.AD_Package_Exp_ID)</SQLStatement>
        <ReleaseNo/>
        <Processing>N</Processing>
        <Processed>N</Processed>
        <Name2/>
        <Line>30</Line>
        <AD_Workbench_ID reference="id"/>
        <AD_Table_ID reference="id">50006</AD_Table_ID>
        <AD_ReportView_ID reference="id"/>
        <AD_Package_Exp_ID reference="uuid" reference-key="AD_Package_Exp">5e37389a-b8f2-440f-a255-5d2c34e2b077</AD_Package_Exp_ID>
        <AD_Package_Code_New/>
        <AD_Package_Code_Old/>
        <AD_Val_Rule_ID reference="id"/>
        <AD_Message_ID reference="id"/>
        <AD_PrintFormat_ID reference="id"/>
        <AD_Reference_ID reference="id"/>
        <AD_ModelValidator_ID reference="id"/>
        <AD_EntityType_ID reference="id"/>
        <AD_Package_Exp_Detail_UU>1d27f66b-9c7c-4f1b-98b4-44f58b529f4e</AD_Package_Exp_Detail_UU>
    </AD_Package_Exp_Detail>
    <AD_Package_Exp_Detail type="table">
        <AD_Client_ID>0</AD_Client_ID>
        <AD_Org_ID>0</AD_Org_ID>
        <AD_Form_ID reference="id"/>
        <AD_ImpFormat_ID reference="id"/>
        <AD_Menu_ID reference="id"/>
        <AD_Process_ID reference="id"/>
        <AD_Role_ID reference="id">0</AD_Role_ID>
        <AD_Window_ID reference="id"/>
        <AD_Workflow_ID reference="id"/>
        <IsActive>Y</IsActive>
        <File_Directory/>
        <FileName/>
        <Destination_FileName/>
        <Destination_Directory/>
        <Description>This 2Pack</Description>
        <DBType>ALL</DBType>
        <Type>D</Type>
        <Target_Directory/>
        <SQLStatement>SELECT * FROM AD_Package_Exp WHERE AD_Package_Exp_UU='5e37389a-b8f2-440f-a255-5d2c34e2b077'</SQLStatement>
        <ReleaseNo/>
        <Processing>N</Processing>
        <Processed>N</Processed>
        <Name2/>
        <Line>20</Line>
        <AD_Workbench_ID reference="id"/>
        <AD_Table_ID reference="id">50005</AD_Table_ID>
        <AD_ReportView_ID reference="id"/>
        <AD_Package_Exp_ID reference="uuid" reference-key="AD_Package_Exp">5e37389a-b8f2-440f-a255-5d2c34e2b077</AD_Package_Exp_ID>
        <AD_Package_Code_New/>
        <AD_Package_Code_Old/>
        <AD_Val_Rule_ID reference="id"/>
        <AD_Message_ID reference="id"/>
        <AD_PrintFormat_ID reference="id"/>
        <AD_Reference_ID reference="id"/>
        <AD_ModelValidator_ID reference="id"/>
        <AD_EntityType_ID reference="id"/>
        <AD_Package_Exp_Detail_UU>5c25719e-a378-4a13-947c-f4561b3cdd6e</AD_Package_Exp_Detail_UU>
    </AD_Package_Exp_Detail>
    <AD_Package_Exp_Detail type="table">
        <AD_Client_ID>0</AD_Client_ID>
        <AD_Org_ID>0</AD_Org_ID>
        <AD_Form_ID reference="id"/>
        <AD_ImpFormat_ID reference="id"/>
        <AD_Menu_ID reference="id">200164</AD_Menu_ID>
        <AD_Process_ID reference="id">200106</AD_Process_ID>
        <AD_Role_ID reference="id">0</AD_Role_ID>
        <AD_Window_ID reference="id"/>
        <AD_Workflow_ID reference="id"/>
        <IsActive>Y</IsActive>
        <File_Directory/>
        <FileName/>
        <Destination_FileName/>
        <Destination_Directory/>
        <Description/>
        <DBType>ALL</DBType>
        <Type>M</Type>
        <Target_Directory/>
        <SQLStatement/>
        <ReleaseNo/>
        <Processing>N</Processing>
        <Processed>N</Processed>
        <Name2/>
        <Line>10</Line>
        <AD_Workbench_ID reference="id"/>
        <AD_Table_ID reference="id"/>
        <AD_ReportView_ID reference="id"/>
        <AD_Package_Exp_ID reference="uuid" reference-key="AD_Package_Exp">5e37389a-b8f2-440f-a255-5d2c34e2b077</AD_Package_Exp_ID>
        <AD_Package_Code_New/>
        <AD_Package_Code_Old/>
        <AD_Val_Rule_ID reference="id"/>
        <AD_Message_ID reference="id"/>
        <AD_PrintFormat_ID reference="id"/>
        <AD_Reference_ID reference="id"/>
        <AD_ModelValidator_ID reference="id"/>
        <AD_EntityType_ID reference="id"/>
        <AD_Package_Exp_Detail_UU>a39f967b-cdfc-4459-ac97-3dfbe8f7df54</AD_Package_Exp_Detail_UU>
    </AD_Package_Exp_Detail>
</idempiere>
