<?xml version="1.0" encoding="UTF-8"?><?xml-stylesheet type="text/css" href="idempiereDocument.css"?><idempiereDocument>
    <header>MigrateStorageProvider Package Description</header>
    <H1>Package Name:</H1>
    <packagename>MigrateStorageProvider</packagename>
    <H1>Author:</H1>
    <Name:/>
    <H1>Email Address:</H1>
    <Email>rsantana@kenos.com.br</Email>
    <H1>Created:</H1>
    <Date>2018-12-06 11:32:25.441</Date>
    <H1>Updated:</H1>
    <Date>2018-12-06 11:47:10.371</Date>
    <H1>Description:</H1>
    <description>Migration Storage Provider process and menu entries</description>
    <H1>Instructions:</H1>
    <instructions/>
    <H1>Files in Package:</H1>
    <file>File: PackOut.xml</file>
    <filedirectory>Directory: \dict\</filedirectory>
    <filenotes>Notes: Contains all application/object settings for package</filenotes>
    <H1>Client:</H1>
    <Client>0-SYSTEM-System</Client>
</idempiereDocument>
